-- phpMyAdmin SQL Dump
-- version 4.1.14.8
-- http://www.phpmyadmin.net
--
-- Servidor: db658863018.db.1and1.com
-- Tiempo de generación: 15-12-2016 a las 13:26:00
-- Versión del servidor: 5.5.53-0+deb7u1-log
-- Versión de PHP: 5.4.45-0+deb7u5

SET SQL_MODE = "NO_AUTO_VALUE_ON_ZERO";
SET time_zone = "+00:00";


/*!40101 SET @OLD_CHARACTER_SET_CLIENT=@@CHARACTER_SET_CLIENT */;
/*!40101 SET @OLD_CHARACTER_SET_RESULTS=@@CHARACTER_SET_RESULTS */;
/*!40101 SET @OLD_COLLATION_CONNECTION=@@COLLATION_CONNECTION */;
/*!40101 SET NAMES utf8 */;

--
-- Base de datos: `db658863018`
--

-- --------------------------------------------------------

--
-- Estructura de tabla para la tabla `NUT_CATEGORIAS`
--

CREATE TABLE IF NOT EXISTS `NUT_CATEGORIAS` (
  `idCategoria` bigint(20) NOT NULL AUTO_INCREMENT,
  `nombre` varchar(30) CHARACTER SET latin1 NOT NULL,
  `descripcion` varchar(1000) CHARACTER SET latin1 DEFAULT NULL,
  `orden` int(11) DEFAULT NULL,
  PRIMARY KEY (`idCategoria`)
) ENGINE=MyISAM  DEFAULT CHARSET=latin1 COLLATE=latin1_spanish_ci AUTO_INCREMENT=7 ;

--
-- Volcado de datos para la tabla `NUT_CATEGORIAS`
--

INSERT INTO `NUT_CATEGORIAS` (`idCategoria`, `nombre`, `descripcion`, `orden`) VALUES
(1, 'Verduras orgánicas', 'Verduras frescas, recién cosechadas para maximizar su valor alimenticio', 1),
(2, 'Frutas orgánicas', 'Frutas libres de pesticidas', 2),
(3, 'Canastas orgánicas', 'Canastas de frutas y verduras preparadas, te resuelven el surtido de la semana', 3),
(4, 'Almacén', 'Todo para una alacena saludable', 4),
(5, 'Semillas, granos y frutos seco', NULL, 5),
(6, 'Especias', 'Sazones y especias', 6);

-- --------------------------------------------------------

--
-- Estructura de tabla para la tabla `NUT_CLIENTES`
--

CREATE TABLE IF NOT EXISTS `NUT_CLIENTES` (
  `idCliente` bigint(20) NOT NULL AUTO_INCREMENT,
  `correo` varchar(200) CHARACTER SET latin1 NOT NULL,
  `nombre` varchar(50) CHARACTER SET latin1 NOT NULL,
  `celular` varchar(30) CHARACTER SET latin1 NOT NULL,
  `password` varchar(200) COLLATE latin1_spanish_ci DEFAULT NULL,
  `fbId` varchar(200) COLLATE latin1_spanish_ci DEFAULT NULL,
  `idZona` bigint(20) DEFAULT NULL,
  `idLocalidad` bigint(20) DEFAULT NULL,
  `direccion` varchar(100) COLLATE latin1_spanish_ci DEFAULT NULL,
  `direccion_aclaracion` varchar(500) COLLATE latin1_spanish_ci DEFAULT NULL,
  `esquina1` varchar(250) COLLATE latin1_spanish_ci DEFAULT NULL,
  `esquina2` varchar(250) COLLATE latin1_spanish_ci DEFAULT NULL,
  PRIMARY KEY (`idCliente`)
) ENGINE=MyISAM  DEFAULT CHARSET=latin1 COLLATE=latin1_spanish_ci AUTO_INCREMENT=8 ;

--
-- Volcado de datos para la tabla `NUT_CLIENTES`
--

INSERT INTO `NUT_CLIENTES` (`idCliente`, `correo`, `nombre`, `celular`, `password`, `fbId`, `idZona`, `idLocalidad`, `direccion`, `direccion_aclaracion`, `esquina1`, `esquina2`) VALUES
(2, 'pselectronico@gmail.com', 'Juan Pablo Salazar', '95464952', 'gXxORf4K', '', 1, 13, 'Av brasil 2420', 'Av brasil 2420', 'simon', 'simon'),
(3, 'juancho5000salazar313@hotmail.com', 'Juan Pablo Salazar', '3054241363', '', '', 0, 0, '', '', '', ''),
(6, 'pflores2@gmail.com', 'Pablo Flores Chiarelli', '98642046', '', '10154900845124994', 2, 71, 'Caramurú 5733', 'Caramurú 5733', 'María Espínola', 'Vicente Rocafuerte'),
(7, 'pflores@nutritivoz.com', 'Pepe Carvallo', '324', 'LBsC40D9', '', 1, 14, '2134', '', '1234', '1234');

-- --------------------------------------------------------

--
-- Estructura de tabla para la tabla `NUT_CONFIG`
--

CREATE TABLE IF NOT EXISTS `NUT_CONFIG` (
  `FechaProxEntrega` date DEFAULT NULL,
  `FechaCierrePedidos` date DEFAULT NULL,
  `idConfig` int(11) NOT NULL AUTO_INCREMENT,
  PRIMARY KEY (`idConfig`)
) ENGINE=MyISAM  DEFAULT CHARSET=latin1 COLLATE=latin1_general_ci AUTO_INCREMENT=2 ;

--
-- Volcado de datos para la tabla `NUT_CONFIG`
--

INSERT INTO `NUT_CONFIG` (`FechaProxEntrega`, `FechaCierrePedidos`, `idConfig`) VALUES
('2016-11-19', '2016-11-16', 1);

-- --------------------------------------------------------

--
-- Estructura de tabla para la tabla `NUT_LOCALIDAD`
--

CREATE TABLE IF NOT EXISTS `NUT_LOCALIDAD` (
  `idLocalidad` bigint(20) NOT NULL AUTO_INCREMENT,
  `nombre` varchar(50) COLLATE latin1_general_ci NOT NULL,
  `departamento` varchar(50) COLLATE latin1_general_ci DEFAULT NULL,
  `idZona` bigint(20) NOT NULL,
  PRIMARY KEY (`idLocalidad`)
) ENGINE=MyISAM  DEFAULT CHARSET=latin1 COLLATE=latin1_general_ci AUTO_INCREMENT=72 ;

--
-- Volcado de datos para la tabla `NUT_LOCALIDAD`
--

INSERT INTO `NUT_LOCALIDAD` (`idLocalidad`, `nombre`, `departamento`, `idZona`) VALUES
(1, 'Aguada', 'Montevideo', 1),
(2, 'Aires Puros', 'Montevideo', 1),
(3, 'Atahualpa', 'Montevideo', 1),
(4, 'Bañados de Carrasco', 'Montevideo', 1),
(5, 'Barrio Sur', 'Montevideo', 1),
(6, 'Belvedere', 'Montevideo', 1),
(7, 'Brazo Oriental', 'Montevideo', 1),
(8, 'Buceo', 'Montevideo', 1),
(9, 'Capurro / Bella Vista', 'Montevideo', 1),
(10, 'Carrasco', 'Montevideo', 1),
(11, 'Carrasco Norte', 'Montevideo', 1),
(12, 'Casabó / Pajas Blancas', 'Montevideo', 1),
(13, 'Casavalle', 'Montevideo', 1),
(14, 'Castro Castellanos', 'Montevideo', 1),
(15, 'Centro', 'Montevideo', 1),
(16, 'Cerrito', 'Montevideo', 1),
(17, 'Cerro', 'Montevideo', 1),
(18, 'Ciudad Vieja', 'Montevideo', 1),
(19, 'Colón', 'Montevideo', 1),
(20, 'Colón / Sureste Abayuba', 'Montevideo', 1),
(21, 'Conciliación', 'Montevideo', 1),
(22, 'Cordón', 'Montevideo', 1),
(23, 'Figurita', 'Montevideo', 1),
(24, 'Flor de Maroñas', 'Montevideo', 1),
(25, 'Ituzaingó', 'Montevideo', 1),
(26, 'Jacinto Vera', 'Montevideo', 1),
(27, 'Jardines del Hipódromo', 'Montevideo', 1),
(28, 'La Blanqueada', 'Montevideo', 1),
(29, 'La Comercial', 'Montevideo', 1),
(30, 'La Paloma / Tomkinson', 'Montevideo', 1),
(31, 'La Teja', 'Montevideo', 1),
(32, 'Larrañaga', 'Montevideo', 1),
(33, 'Las Acacias', 'Montevideo', 1),
(34, 'Las Canteras', 'Montevideo', 1),
(35, 'Lezica / Melilla', 'Montevideo', 1),
(36, 'Malvín', 'Montevideo', 1),
(37, 'Malvín Norte', 'Montevideo', 1),
(38, 'Manga', 'Montevideo', 1),
(39, 'Manga Toledo Chico', 'Montevideo', 1),
(40, 'Maroñas / Parque Guaraní', 'Montevideo', 1),
(41, 'Mercado Modelo / Bolivar', 'Montevideo', 1),
(42, 'Nuevo París', 'Montevideo', 1),
(43, 'Palermo', 'Montevideo', 1),
(44, 'Parque Batlle / Villa Dolores', 'Montevideo', 1),
(45, 'Parque Rodó', 'Montevideo', 1),
(46, 'Paso de la Arena', 'Montevideo', 1),
(47, 'Paso de las Duranas', 'Montevideo', 1),
(48, 'Peñarol / Lavalleja', 'Montevideo', 1),
(49, 'Piedras Blancas', 'Montevideo', 1),
(50, 'Pocitos', 'Montevideo', 1),
(51, 'Prado / Nueva Savona', 'Montevideo', 1),
(52, 'Punta Carretas', 'Montevideo', 1),
(53, 'Punta de Rieles / Bella Italia', 'Montevideo', 1),
(54, 'Punta Gorda', 'Montevideo', 1),
(55, 'Reducto', 'Montevideo', 1),
(56, 'Sayago', 'Montevideo', 1),
(57, 'Tres Cruces', 'Montevideo', 1),
(58, 'Tres Ombúes / Pueblo Victoria', 'Montevideo', 1),
(59, 'Unión', 'Montevideo', 1),
(60, 'Villa Española', 'Montevideo', 1),
(61, 'Villa García / Manga Rural', 'Montevideo', 1),
(62, 'Villa Muñóz / Retiro', 'Montevideo', 1),
(63, 'El Pinar', 'Ciudad de la Costa', 1),
(64, 'Lagomar', 'Ciudad de la Costa', 1),
(65, 'Lomas de Solymar', 'Ciudad de la Costa', 1),
(66, 'Médanos de Solymar', 'Ciudad de la Costa', 1),
(67, 'Parque Miramar', 'Ciudad de la Costa', 1),
(68, 'Paso Carrasco', 'Ciudad de la Costa', 1),
(69, 'Shangrila', 'Ciudad de la Costa', 1),
(70, 'Solymar', 'Ciudad de la Costa', 1),
(71, 'Punta del Este', 'Punta del Este', 2);

-- --------------------------------------------------------

--
-- Estructura de tabla para la tabla `NUT_MARCAS`
--

CREATE TABLE IF NOT EXISTS `NUT_MARCAS` (
  `idMarca` bigint(20) NOT NULL AUTO_INCREMENT,
  `nombre` varchar(30) CHARACTER SET latin1 NOT NULL,
  `idProveedor` bigint(20) NOT NULL,
  PRIMARY KEY (`idMarca`)
) ENGINE=MyISAM  DEFAULT CHARSET=latin1 COLLATE=latin1_spanish_ci AUTO_INCREMENT=10 ;

--
-- Volcado de datos para la tabla `NUT_MARCAS`
--

INSERT INTO `NUT_MARCAS` (`idMarca`, `nombre`, `idProveedor`) VALUES
(1, '34 Sur', 1),
(2, 'Importadas', 1),
(3, 'Campo Claro', 2),
(4, 'Pequeña Granja', 2),
(5, 'Valle del Sol', 2),
(6, 'Graneco', 3),
(7, 'Prana', 4),
(8, 'La Trinidad', 5),
(9, 'Nutritívoz', 6);

-- --------------------------------------------------------

--
-- Estructura de tabla para la tabla `NUT_PEDIDOS`
--

CREATE TABLE IF NOT EXISTS `NUT_PEDIDOS` (
  `idPedido` bigint(20) NOT NULL AUTO_INCREMENT,
  `fecha_realizacion` datetime NOT NULL,
  `fecha_entrega_estimada` date NOT NULL,
  `fecha_entrega` date DEFAULT NULL,
  `idCliente` bigint(20) NOT NULL,
  `zona` varchar(50) CHARACTER SET latin1 DEFAULT NULL,
  `direccion` varchar(100) CHARACTER SET latin1 NOT NULL,
  `direccion_aclaracion` varchar(500) CHARACTER SET latin1 DEFAULT NULL,
  `horario` varchar(100) CHARACTER SET latin1 NOT NULL,
  `nota_cliente` varchar(1000) CHARACTER SET latin1 DEFAULT NULL,
  `nota_postventa` varchar(1000) CHARACTER SET latin1 DEFAULT NULL,
  `subtotal` decimal(10,2) DEFAULT NULL,
  `costo_envio` decimal(5,2) DEFAULT NULL,
  `total` decimal(10,2) NOT NULL,
  `estado` enum('INICIADO','CONFIRMADO','PROCESANDO','ENTREGADO','CANCELADO') COLLATE latin1_spanish_ci DEFAULT 'INICIADO',
  `hash` varchar(255) COLLATE latin1_spanish_ci DEFAULT NULL,
  `esquina1` varchar(255) COLLATE latin1_spanish_ci DEFAULT NULL,
  `esquina2` varchar(255) COLLATE latin1_spanish_ci DEFAULT NULL,
  `idZona` bigint(20) NOT NULL,
  `idLocalidad` bigint(20) DEFAULT NULL,
  PRIMARY KEY (`idPedido`)
) ENGINE=MyISAM  DEFAULT CHARSET=latin1 COLLATE=latin1_spanish_ci AUTO_INCREMENT=9 ;

--
-- Volcado de datos para la tabla `NUT_PEDIDOS`
--

INSERT INTO `NUT_PEDIDOS` (`idPedido`, `fecha_realizacion`, `fecha_entrega_estimada`, `fecha_entrega`, `idCliente`, `zona`, `direccion`, `direccion_aclaracion`, `horario`, `nota_cliente`, `nota_postventa`, `subtotal`, `costo_envio`, `total`, `estado`, `hash`, `esquina1`, `esquina2`, `idZona`, `idLocalidad`) VALUES
(5, '2016-12-02 16:58:23', '0000-00-00', '0000-00-00', 3, '', '7273 NW 12th St, Suite UY-27822', '7273 NW 12th St', '', 'n1n1', '', '140.00', '0.00', '140.00', 'INICIADO', '903ce9225fca3e988c2af215d4e544d3', 'obligado', 'simon1', 2, 71),
(6, '2016-12-09 11:25:22', '0000-00-00', NULL, 6, '', 'Caramurú 5733', '', '', '', NULL, '105.00', '0.00', '105.00', 'INICIADO', '698d51a19d8a121ce581499d7b701668', 'María Espínola', 'Vicente Rocafuerte', 1, 54),
(7, '2016-12-09 12:06:06', '0000-00-00', NULL, 6, '', 'Caramurú 5733', 'Caramurú 5733', '', '', NULL, '120.00', '0.00', '120.00', 'INICIADO', '069059b7ef840f0c74a814ec9237b6ec', 'María Espínola', 'Vicente Rocafuerte', 2, 71),
(4, '2016-12-02 16:12:36', '0000-00-00', NULL, 2, '', 'Av brasil 2420', 'Av brasil 2420', '', 'nnnnnnn', NULL, '60.00', '0.00', '60.00', 'INICIADO', '44f683a84163b3523afe57c2e008bc8c', 'obligado', 'simon', 1, 13),
(8, '2016-12-09 12:09:35', '0000-00-00', NULL, 7, '', '2134', '', '', '', NULL, '60.00', '0.00', '60.00', 'INICIADO', '735b90b4568125ed6c3f678819b6e058', '1234', '1234', 1, 14);

-- --------------------------------------------------------

--
-- Estructura de tabla para la tabla `NUT_PEDIDOS_DETALLE`
--

CREATE TABLE IF NOT EXISTS `NUT_PEDIDOS_DETALLE` (
  `idPedidoDetalle` bigint(20) NOT NULL AUTO_INCREMENT,
  `idPedido` bigint(20) NOT NULL,
  `idProducto` bigint(20) NOT NULL,
  `cantidad` decimal(10,2) NOT NULL,
  `cantidad_entregada` decimal(10,2) NOT NULL,
  `precio` decimal(10,0) DEFAULT NULL,
  `cantidad_proveedor` decimal(10,2) NOT NULL DEFAULT '0.00',
  PRIMARY KEY (`idPedidoDetalle`)
) ENGINE=MyISAM  DEFAULT CHARSET=latin1 COLLATE=latin1_spanish_ci AUTO_INCREMENT=19 ;

--
-- Volcado de datos para la tabla `NUT_PEDIDOS_DETALLE`
--

INSERT INTO `NUT_PEDIDOS_DETALLE` (`idPedidoDetalle`, `idPedido`, `idProducto`, `cantidad`, `cantidad_entregada`, `precio`, `cantidad_proveedor`) VALUES
(1, 1, 2, '2.00', '2.00', '50', '2.00'),
(2, 2, 2, '2.00', '2.00', '50', '2.00'),
(3, 3, 2, '2.00', '2.00', '50', '2.00'),
(4, 4, 2, '1.00', '1.00', '25', '1.00'),
(5, 4, 1, '1.00', '1.00', '35', '1.00'),
(18, 5, 5, '1.00', '1.00', '70', '1.00'),
(17, 5, 3, '1.00', '0.00', '35', '1.00'),
(16, 5, 153, '1.00', '1.00', '35', '1.00'),
(9, 6, 1, '3.00', '3.00', '105', '3.00'),
(10, 7, 4, '1.00', '1.00', '120', '1.00'),
(11, 8, 2, '1.00', '1.00', '25', '1.00'),
(12, 8, 3, '1.00', '1.00', '35', '1.00');

-- --------------------------------------------------------

--
-- Estructura de tabla para la tabla `NUT_PRODUCTOS`
--

CREATE TABLE IF NOT EXISTS `NUT_PRODUCTOS` (
  `idProducto` bigint(20) NOT NULL AUTO_INCREMENT,
  `nombre` varchar(50) CHARACTER SET latin1 NOT NULL,
  `descripcion` varchar(10000) CHARACTER SET latin1 DEFAULT NULL,
  `idCategoria` bigint(20) NOT NULL,
  `idMarca` bigint(20) NOT NULL,
  `unidad` varchar(50) CHARACTER SET latin1 NOT NULL,
  `precio` decimal(10,0) NOT NULL,
  `costo` decimal(10,2) DEFAULT NULL,
  `iva` int(2) DEFAULT NULL,
  `activo` bit(1) DEFAULT b'1',
  `stock` int(6) NOT NULL DEFAULT '0',
  PRIMARY KEY (`idProducto`)
) ENGINE=MyISAM  DEFAULT CHARSET=latin1 COLLATE=latin1_spanish_ci AUTO_INCREMENT=538 ;

--
-- Volcado de datos para la tabla `NUT_PRODUCTOS`
--

INSERT INTO `NUT_PRODUCTOS` (`idProducto`, `nombre`, `descripcion`, `idCategoria`, `idMarca`, `unidad`, `precio`, `costo`, `iva`, `activo`, `stock`) VALUES
(1, 'Acelga Verde', NULL, 1, 1, 'atado', '35', '28.00', 0, b'1', 15),
(2, 'Acelga Tallo Amarillo', NULL, 1, 1, 'atado', '25', '28.00', 0, b'1', 15),
(3, 'Apio de hoja', NULL, 1, 1, 'atado', '35', '28.00', 0, b'1', 15),
(4, 'Arvejas', NULL, 1, 1, 'Kg', '120', '96.00', 0, b'1', 15),
(5, 'Boniato Criollo', NULL, 1, 1, 'Kg', '70', '40.00', 0, b'1', 15),
(6, 'Boniato zanahoria ', NULL, 1, 1, 'Kg', '70', '40.00', 0, b'1', 15),
(7, 'Brócoli', NULL, 1, 1, 'unidad', '60', '48.00', 0, b'1', 15),
(8, 'Cebolla', NULL, 1, 1, 'Kg', '60', '48.00', 0, b'0', 15),
(9, 'Ciboullette', NULL, 1, 1, 'atado', '35', '28.00', 0, b'1', 15),
(10, 'Cilantro', NULL, 1, 1, 'atado', '35', '28.00', 0, b'1', 15),
(11, 'Cobe ', NULL, 1, 1, 'atado', '35', '28.00', 0, b'1', 15),
(12, 'Coliflor', NULL, 1, 1, 'unidad', '60', '48.00', 0, b'0', 15),
(13, 'Espinaca ', NULL, 1, 1, 'atado', '40', '32.00', 0, b'1', 15),
(14, 'Habas', NULL, 1, 1, 'Kg', '70', '56.00', 0, b'1', 15),
(15, 'Kale', NULL, 1, 1, 'atado', '35', '28.00', 0, b'1', 15),
(16, 'Lechuga crespa verde ', NULL, 1, 1, 'unidad', '25', '20.00', 0, b'1', 15),
(17, 'Lechuga mantecosa morada', NULL, 1, 1, 'unidad', '25', '20.00', 0, b'0', 15),
(18, 'Lechuga hoja de roble morada', NULL, 1, 1, 'unidad', '25', '20.00', 0, b'0', 15),
(19, 'Misuna verde ', NULL, 1, 1, 'atado', '35', '28.00', 0, b'1', 15),
(20, 'Misuna roja ', NULL, 1, 1, 'atado', '35', '28.00', 0, b'1', 15),
(21, 'Mix de verdes', NULL, 1, 1, 'atado', '40', '32.00', 0, b'1', 15),
(22, 'Mostaza ', NULL, 1, 1, 'atado', '35', '28.00', 0, b'0', 15),
(23, 'Nabos ', NULL, 1, 1, 'unidad', '13', '10.40', 0, b'0', 15),
(24, 'Papas ', NULL, 1, 1, 'Kg', '60', '48.00', 0, b'1', 15),
(25, 'Perejil común ', NULL, 1, 1, 'atado', '35', '28.00', 0, b'1', 15),
(26, 'Remolacha', NULL, 1, 1, 'atado', '60', '48.00', 0, b'1', 15),
(27, 'Repollo', NULL, 1, 1, 'unidad', '60', '48.00', 0, b'1', 15),
(28, 'Rúcula ', NULL, 1, 1, 'atado', '35', '28.00', 0, b'1', 15),
(29, 'Zanahoria', NULL, 1, 1, 'Kg', '60', '48.00', 0, b'1', 15),
(30, 'Zapallo Kabutia', NULL, 1, 1, 'Kg', '50', '40.00', 0, b'1', 15),
(31, 'Banana', NULL, 2, 2, 'Kg', '95', '76.00', 0, b'1', 15),
(32, 'Frutilla', NULL, 2, 1, 'Kg', '120', '96.00', 0, b'1', 15),
(33, 'Canasta pequeña', NULL, 3, 1, 'canasta', '300', '240.00', 0, b'1', 15),
(34, 'Canasta mediana', NULL, 3, 1, 'canasta', '500', '400.00', 0, b'1', 15),
(35, 'Canasta grande', NULL, 3, 1, 'canasta', '750', '600.00', 0, b'1', 15),
(36, 'Aceite de Almendras', NULL, 4, 8, '50 ml', '145', '111.51', 0, b'1', 15),
(37, 'Aceite de Coco ', NULL, 4, 8, '350 gr', '320', '256.20', 0, b'1', 15),
(38, 'Aceite de Coco Orgánico', NULL, 4, 7, '500 ml', '401', '2204.58', 0, b'1', 15),
(39, 'Aceite de Coco Orgánico', NULL, 4, 7, '4 l', '2645', '2204.58', 0, b'1', 15),
(40, 'Aceite de Oliva Extra Virgen Orgánico', NULL, 4, 3, '250 ml', '185', '208.40', 0, b'1', 15),
(41, 'Aceite de Oliva Extra Virgen Orgánico', NULL, 4, 3, '500 ml', '271', '208.40', 0, b'1', 15),
(42, 'Aceite de Oliva Orgánico', NULL, 4, 5, '5 lt', '2087', '1605.30', 0, b'1', 15),
(43, 'Aceite de Sésamo Extra Virgen', NULL, 4, 8, '500 ml', '396', '305.00', 0, b'1', 15),
(44, 'Agave Orgánico', NULL, 4, 7, '330 ml', '162', '129.63', 0, b'1', 15),
(45, 'Agave Wild', NULL, 4, 7, '5,6 kg', '1978', '1648.00', 0, b'1', 15),
(46, 'Arroz Integral Orgánico', NULL, 4, 3, '1 Kg', '86', '66.50', 0, b'1', 15),
(47, 'Arroz Orgánico', NULL, 4, 3, '1 Kg', '86', '66.50', 0, b'1', 15),
(48, 'Azúcar de Coco Orgánico', NULL, 4, 7, '450 gr', '290', '223.42', 0, b'1', 15),
(49, 'Azúcar Orgánica', NULL, 4, 3, '900 gr', '128', '98.70', 0, b'1', 15),
(50, 'Boniatos en Conserva', NULL, 4, 4, '700 gr', '137', '105.00', 0, b'0', 15),
(51, 'Café Orgánico Instantáneo', NULL, 4, 3, '90 gr', '152', '117.00', 0, b'1', 15),
(52, 'Ciruelas en Conserva', NULL, 4, 4, '700 gr', '155', '118.90', 0, b'1', 15),
(53, 'Crema de Coco Orgánica', NULL, 4, 7, '4 lt', '2791', '2326.17', 0, b'1', 15),
(54, 'Harina de Arroz', NULL, 4, 8, 'Kg', '55', '39.60', 0, b'1', 15),
(55, 'Harina de Chía', NULL, 4, 8, 'Kg', '274', '211.06', 0, b'1', 15),
(56, 'Harina de Coco Orgánica', NULL, 4, 7, '450 gr', '132', '94.54', 0, b'1', 15),
(57, 'Harina Integral Orgánica', NULL, 4, 6, '1 Kg', '78', '90.40', 0, b'1', 15),
(58, 'Harina Integral Orgánica ', NULL, 4, 3, '1 Kg', '118', '90.40', 0, b'1', 15),
(59, 'Harina Orgánica  000', NULL, 4, 3, '1 Kg', '92', '70.40', 0, b'1', 15),
(60, 'Higos en Conserva', NULL, 4, 4, '700 gr', '141', '108.80', 0, b'1', 15),
(61, 'Ketchup Orgánica', NULL, 4, 3, '300 gr', '134', '103.00', 0, b'1', 15),
(62, 'Maca Peruana Orgánica', NULL, 4, 7, '100 gr', '146', '170.46', 0, b'1', 15),
(63, 'Maca Peruana Orgánica', NULL, 4, 7, '180 gr', '222', '170.46', 0, b'1', 15),
(64, 'Membrillos en Conserva', NULL, 4, 4, '700 gr', '116', '89.40', 0, b'1', 15),
(65, 'Mermelada De Durazno Orgánica ', NULL, 4, 3, '310 gr', '135', '103.50', 0, b'1', 15),
(66, 'Mermelada De Frutilla Orgánica ', NULL, 4, 3, '310 gr', '116', '89.40', 0, b'1', 15),
(67, 'Mermelada De Zapallo Orgánica ', NULL, 4, 3, '310 gr', '108', '83.00', 0, b'1', 15),
(68, 'Miel Orgánica Frasco Vidrio', NULL, 4, 3, '300 gr', '144', '110.50', 0, b'1', 15),
(69, 'Moñas En Bolsa', NULL, 4, 3, '500 gr', '68', '52.50', 0, b'1', 15),
(70, 'Néctar de coco Orgánico', NULL, 4, 7, '375 ml', '400', '2000.80', 0, b'1', 15),
(71, 'Néctar de coco Orgánico', NULL, 4, 7, '3 l', '2401', '2000.80', 0, b'1', 15),
(72, 'Peras Al Vino Tinto', NULL, 4, 4, '700 gr', '172', '132.30', 0, b'1', 15),
(73, 'Peras en Conserva', NULL, 4, 4, '700 gr', '129', '99.30', 0, b'1', 15),
(74, 'Polenta (harina de maíz) Orgánica', NULL, 4, 3, '500 gr', '71', '50.00', 0, b'1', 15),
(75, 'Polenta (harina de maíz) Orgánica', NULL, 4, 6, '500 gr', '72', '50.00', 0, b'1', 15),
(76, 'Pulpa De Tomate Concentrada Orgánica', NULL, 4, 3, '570 gr', '134', '103.40', 0, b'1', 15),
(77, 'Salsa Mediterranea Orgánica', NULL, 4, 3, '570 gr', '211', '161.80', 0, b'1', 15),
(78, 'Salsa Toscana Orgánica', NULL, 4, 3, '570 gr', '167', '128.60', 0, b'1', 15),
(79, 'Tallarines  En Bolsa', NULL, 4, 3, '500 gr', '69', '52.90', 0, b'1', 15),
(80, 'Trigo Sarraceno Orgánico', NULL, 4, 7, '400 gr', '68', '52.01', 0, b'1', 15),
(81, 'Vinagre de manzana Orgánico', NULL, 4, 7, '250 ml', '167', '128.10', 0, b'1', 15),
(82, 'Yerba Orgánica', NULL, 4, 3, '500 gr', '104', '86.40', 0, b'1', 15),
(83, 'Zapallos en Conserva', NULL, 4, 4, '700 gr', '128', '98.70', 0, b'1', 15),
(84, 'Bayas de Goji Orgánicas', NULL, 5, 7, '150 gr', '253', '486.78', 0, b'1', 15),
(85, 'Bayas de Goji Orgánicas', NULL, 5, 7, '400 gr', '633', '486.78', 0, b'1', 15),
(86, 'Chía', NULL, 5, 7, '200 gr', '62', '147.00', 0, b'1', 15),
(87, 'Chía', NULL, 5, 8, 'Kg', '235', '147.00', 0, b'1', 15),
(88, 'Chia Orgánico ', NULL, 5, 3, '200 grs', '86', '114.90', 0, b'1', 15),
(89, 'Chia Orgánico ', NULL, 5, 3, '400 grs', '149', '114.90', 0, b'1', 15),
(90, 'Lino Semillas ', NULL, 5, 8, '50 grs', '31', '23.60', 0, b'1', 15),
(91, 'Pasas De Uva Tipo Sultanas', NULL, 5, 8, '50 grs', '41', '31.70', 0, b'1', 15),
(92, 'Quinoa ', NULL, 5, 8, 'Kg', '211', '132.00', 0, b'1', 15),
(93, 'Quinoa Orgánica', NULL, 5, 3, '400 grs', '191', '146.20', 0, b'1', 15),
(94, 'Quinoa Roja Orgánica', NULL, 5, 8, 'Kg', '504', '315.00', 0, b'1', 15),
(95, 'Semillas de Calabaza Orgánicas', NULL, 5, 7, '180 gr', '119', '227.77', 0, b'1', 15),
(96, 'Semillas de Calabaza Orgánicas', NULL, 5, 7, '450 gr', '296', '227.77', 0, b'1', 15),
(97, 'Sésamo Blanco', NULL, 5, 8, '100 grs', '68', '131.76', 0, b'1', 15),
(98, 'Sésamo Blanco', NULL, 5, 8, 'Kg', '211', '131.76', 0, b'1', 15),
(99, 'Sésamo Integral ', NULL, 5, 8, '100 grs', '52', '101.00', 0, b'1', 15),
(100, 'Sésamo Integral ', NULL, 5, 8, 'Kg', '162', '101.00', 0, b'1', 15),
(101, 'Sésamo Negro ', NULL, 5, 8, '100 grs', '65', '149.80', 0, b'1', 15),
(102, 'Sésamo Negro ', NULL, 5, 8, 'Kg', '240', '149.80', 0, b'1', 15),
(103, 'Sésamo Orgánico ', NULL, 5, 3, '150 grs', '59', '45.00', 0, b'1', 15),
(104, 'Adobo', NULL, 6, 8, '50 grs', '47', '36.10', 0, b'1', 15),
(105, 'Ají Molido Orgánico', NULL, 6, 3, '25 grs', '38', '29.60', 0, b'1', 15),
(106, 'Ají Picante', NULL, 6, 8, '50 grs', '45', '34.80', 0, b'1', 15),
(107, 'Ajo Y Perejil Orgánico', NULL, 6, 3, '10 grs', '44', '34.20', 0, b'1', 15),
(108, 'Albahaca Seca Orgánica', NULL, 6, 3, '8 grs', '38', '29.10', 0, b'1', 15),
(109, 'Anís Semillas Tradicional', NULL, 6, 8, '50 grs', '45', '34.60', 0, b'1', 15),
(110, 'Azafrán Del País Orgánico', NULL, 6, 3, '5 grs', '44', '33.10', 0, b'1', 15),
(111, 'Canela En Rama', NULL, 6, 8, '50 grs', '53', '41.00', 0, b'1', 15),
(112, 'Canela Molida Pura', NULL, 6, 8, '50 grs', '44', '34.00', 0, b'1', 15),
(113, 'Cardamomo En Vainas', NULL, 6, 8, '50 grs', '142', '109.40', 0, b'1', 15),
(114, 'Ciboulette Ajo Orgánica', NULL, 6, 3, '10 grs', '38', '29.10', 0, b'1', 15),
(115, 'Ciboulette Orgánica', NULL, 6, 3, '10 grs', '38', '29.10', 0, b'1', 15),
(116, 'Cilantro Orgánico', NULL, 6, 3, '8 grs', '38', '29.10', 0, b'1', 15),
(117, 'Clavo De Olor En Grano', NULL, 6, 8, '50 grs', '92', '71.10', 0, b'1', 15),
(118, 'Comino En Grano', NULL, 6, 8, '50 grs', '44', '32.90', 0, b'1', 15),
(119, 'Cúrcuma Molida Pura', NULL, 6, 8, '50 grs', '46', '35.30', 0, b'1', 15),
(120, 'Cúrcuma Orgánica', NULL, 6, 7, '120 gr', '146', '112.47', 0, b'1', 15),
(121, 'Curry Picante', NULL, 6, 8, '50 grs', '68', '52.00', 0, b'1', 15),
(122, 'Curry Suave', NULL, 6, 8, '50 grs', '62', '47.50', 0, b'1', 15),
(123, 'Eneldo Orgánico', NULL, 6, 3, '10 grs', '38', '29.10', 0, b'1', 15),
(124, 'Estragón', NULL, 6, 8, '50 grs', '195', '149.80', 0, b'1', 15),
(125, 'Estragón Francés Orgánico', NULL, 6, 3, '10 grs', '38', '29.10', 0, b'1', 15),
(126, 'Estragón Orgánico', NULL, 6, 3, '10 grs', '38', '29.10', 0, b'1', 15),
(127, 'Hierbas Para Carnes Rojas Orgánicas', NULL, 6, 3, '10 grs', '41', '31.90', 0, b'1', 15),
(128, 'Hierbas Para Pescados Orgánicas', NULL, 6, 3, '10 grs', '41', '31.90', 0, b'1', 15),
(129, 'Hierbas Para Pizzas Orgánicas', NULL, 6, 3, '10 grs', '41', '31.90', 0, b'1', 15),
(130, 'Hierbas Para Pollos Orgánicas', NULL, 6, 3, '10 grs', '41', '31.90', 0, b'1', 15),
(131, 'Hierbas Para Quesos Y Salsas Orgánicas', NULL, 6, 3, '10 grs', '41', '31.90', 0, b'1', 15),
(132, 'Hinojo En Grano', NULL, 6, 8, '50 grs', '39', '30.00', 0, b'1', 15),
(133, 'Laurel Orgánico', NULL, 6, 3, '8 grs', '33', '25.20', 0, b'1', 15),
(134, 'Mejorana Orgánica', NULL, 6, 3, '10 grs', '38', '29.10', 0, b'1', 15),
(135, 'Menta Orgánica', NULL, 6, 3, '8 grs', '38', '29.10', 0, b'1', 15),
(136, 'Mostaza Negra En Grano ', NULL, 6, 8, '50 grs', '34', '25.90', 0, b'1', 15),
(137, 'Nuez Moscada Enteras', NULL, 6, 8, '50 grs', '136', '104.80', 0, b'1', 15),
(138, 'Orégano Limpio ', NULL, 6, 8, '50 grs', '36', '28.30', 0, b'1', 15),
(139, 'Orégano Orgánico', NULL, 6, 3, '15 grs', '38', '29.10', 0, b'1', 15),
(140, 'Pimentón Ahumado', NULL, 6, 8, '50 grs', '51', '39.50', 0, b'1', 15),
(141, 'Pimentón Molido Puro', NULL, 6, 8, '50 grs', '46', '35.10', 0, b'1', 15),
(142, 'Pimienta Blanca Molida Pura', NULL, 6, 8, '50 grs', '126', '97.10', 0, b'1', 15),
(143, 'Pimienta Negra En Grano Clasificada', NULL, 6, 8, '50 grs', '84', '64.30', 0, b'1', 15),
(144, 'Popurrí De Pimientas', NULL, 6, 8, '50 grs', '128', '98.20', 0, b'1', 15),
(145, 'Romero', NULL, 6, 8, '50 grs', '42', '32.10', 0, b'1', 15),
(146, 'Romero Orgánico', NULL, 6, 3, '10 grs', '38', '29.10', 0, b'1', 15),
(147, 'Sal De Ajo', NULL, 6, 8, '50 grs', '36', '28.20', 0, b'1', 15),
(148, 'Sal De Apio', NULL, 6, 8, '50 grs', '35', '27.20', 0, b'1', 15),
(149, 'Sal Rosada De Himalaya Fina', NULL, 6, 8, '100 grs', '44', '33.70', 0, b'1', 15),
(150, 'Sal Rosada De Himalaya Gruesa', NULL, 6, 8, '100 grs', '46', '35.10', 0, b'1', 15),
(151, 'Salvia Orgánico', NULL, 6, 3, '10 grs', '38', '29.10', 0, b'1', 15),
(152, 'Tomillo Orgánico', NULL, 6, 3, '10 grs', '38', '29.10', 0, b'1', 15),
(153, 'Albahaca', NULL, 1, 1, 'unidad', '35', '28.00', 0, b'1', 15),
(154, 'Rabanito', NULL, 1, 1, 'atado', '35', '28.00', 0, b'1', 15),
(155, 'Zucchini', NULL, 1, 1, 'Kg', '90', '72.00', 0, b'1', 15),
(156, 'Descuento frutillas en canasta', NULL, 0, 9, '', '-60', '-48.00', 0, b'0', 10),
(157, 'Tomate Triturado Orgánico (apto diabéticos)', NULL, 4, 3, '570 gr', '99', '76.00', 0, b'1', 15),
(158, 'Tallarines con Chia y Quinoa Orgánicos', NULL, 4, 3, '500 gr', '82', '53.00', 0, b'1', 15),
(159, 'Salvado de Trigo Orgánico', NULL, 4, 3, '300 gr', '38', '29.00', 0, b'1', 15),
(160, 'Azafrán', NULL, 6, 8, '0,5 gr', '184', '141.30', 0, b'1', 15),
(161, 'Cebolla de Verdeo', NULL, 1, 1, 'atado', '60', '48.00', 0, b'1', 15),
(162, 'Chauchas', NULL, 1, 1, 'Kg', '90', '72.00', 0, b'1', 15),
(163, 'Pepinos', NULL, 1, 1, 'Kg', '90', '72.00', 0, b'1', 15),
(164, 'Zapallito de tronco', NULL, 1, 1, 'Kg', '90', '72.00', 0, b'1', 15),
(165, 'Adobo', NULL, 6, 8, '100 grs', '74', '57.00', 0, b'1', 15),
(166, 'Adobo', NULL, 6, 8, 'Kg', '348', '232.00', 0, b'1', 15),
(167, 'Ají Molido', NULL, 6, 8, '100 grs', '85', '65.00', 0, b'1', 15),
(168, 'Ají Molido', NULL, 6, 8, '50 grs', '54', '42.00', 0, b'1', 15),
(169, 'Ají Molido', NULL, 6, 8, 'Kg', '315', '210.00', 0, b'1', 15),
(170, 'Ají Picante', NULL, 6, 8, '100 grs', '69', '53.00', 0, b'1', 15),
(171, 'Ají Picante', NULL, 6, 8, 'Kg', '324', '216.00', 0, b'1', 15),
(172, 'Ají Triturado', NULL, 6, 8, '100 grs', '79', '61.00', 0, b'1', 15),
(173, 'Ají Triturado', NULL, 6, 8, '50 grs', '48', '37.00', 0, b'1', 15),
(174, 'Ají Triturado', NULL, 6, 8, 'Especiero 30 g', '121', '93.00', 0, b'1', 15),
(175, 'Ají Triturado', NULL, 6, 8, 'Kg', '326', '217.00', 0, b'1', 15),
(176, 'Ajo En Polvo', NULL, 6, 8, '100 grs', '76', '59.00', 0, b'1', 15),
(177, 'Ajo En Polvo', NULL, 6, 8, '50 grs', '47', '36.00', 0, b'1', 15),
(178, 'Ajo En Polvo', NULL, 6, 8, 'Especiero 35 g', '120', '92.00', 0, b'1', 15),
(179, 'Ajo En Polvo', NULL, 6, 8, 'Kg', '320', '214.00', 0, b'1', 15),
(180, 'Ajo Granulado', NULL, 6, 8, '100 grs', '96', '74.00', 0, b'1', 15),
(181, 'Ajo Granulado', NULL, 6, 8, '50 grs', '59', '46.00', 0, b'1', 15),
(182, 'Ajo Granulado', NULL, 6, 8, 'Especiero 55 g', '149', '115.00', 0, b'1', 15),
(183, 'Ajo Granulado', NULL, 6, 8, 'Kg', '415', '277.00', 0, b'1', 15),
(184, 'Ajo Y Perejil Deshidratado', NULL, 6, 8, '100 grs', '110', '85.00', 0, b'1', 15),
(185, 'Ajo Y Perejil Deshidratado', NULL, 6, 8, '50 grs', '62', '48.00', 0, b'1', 15),
(186, 'Ajo Y Perejil Deshidratado', NULL, 6, 8, 'Especiero 25 g', '122', '94.00', 0, b'1', 15),
(187, 'Ajo Y Perejil Deshidratado', NULL, 6, 8, 'Kg', '522', '348.00', 0, b'1', 15),
(188, 'Ajwan', NULL, 6, 8, '100 grs', '64', '50.00', 0, b'1', 15),
(189, 'Ajwan', NULL, 6, 8, '50 grs', '41', '31.00', 0, b'1', 15),
(190, 'Ajwan', NULL, 6, 8, 'Kg', '329', '219.00', 0, b'1', 15),
(191, 'Albahaca', NULL, 6, 8, '100 grs', '73', '56.00', 0, b'1', 15),
(192, 'Albahaca', NULL, 6, 8, '50 grs', '46', '35.00', 0, b'1', 15),
(193, 'Albahaca', NULL, 6, 8, 'Especiero 12g', '104', '80.00', 0, b'1', 15),
(194, 'Albahaca', NULL, 6, 8, 'Kg', '276', '184.00', 0, b'1', 15),
(195, 'Albahaca Molida', NULL, 6, 8, '100 grs', '79', '61.00', 0, b'1', 15),
(196, 'Albahaca Molida', NULL, 6, 8, '50 grs', '52', '40.00', 0, b'1', 15),
(197, 'Albahaca Molida', NULL, 6, 8, 'Kg', '309', '206.00', 0, b'1', 15),
(198, 'Alcaravea', NULL, 6, 8, '100 grs', '111', '86.00', 0, b'1', 15),
(199, 'Alcaravea', NULL, 6, 8, '50 grs', '64', '49.00', 0, b'1', 15),
(200, 'Alcaravea', NULL, 6, 8, 'Especiero 40 g', '123', '95.00', 0, b'1', 15),
(201, 'Alcaravea', NULL, 6, 8, 'Kg', '683', '455.00', 0, b'1', 15),
(202, 'Anís Estrellado', NULL, 6, 8, 'Especiero 15 g', '92', '71.00', 0, b'1', 15),
(203, 'Anís Estrellado Entero', NULL, 6, 8, '100 grs', '86', '66.00', 0, b'1', 15),
(204, 'Anís Estrellado Entero', NULL, 6, 8, '50 grs', '51', '39.00', 0, b'1', 15),
(205, 'Anís Estrellado Entero', NULL, 6, 8, 'Kg', '465', '310.00', 0, b'1', 15),
(206, 'Anís Estrellado Molido Puro', NULL, 6, 8, '100 grs', '108', '83.00', 0, b'1', 15),
(207, 'Anís Estrellado Molido Puro', NULL, 6, 8, '50 grs', '66', '51.00', 0, b'1', 15),
(208, 'Anís Estrellado Molido Puro', NULL, 6, 8, 'Kg', '586', '390.00', 0, b'1', 15),
(209, 'Anís Semillas Tradicional', NULL, 6, 8, '100 grs', '76', '59.00', 0, b'1', 15),
(210, 'Anís Semillas Tradicional', NULL, 6, 8, 'Especiero 30g', '97', '75.00', 0, b'1', 15),
(211, 'Anís Semillas Tradicional', NULL, 6, 8, 'Kg', '350', '233.00', 0, b'1', 15),
(212, 'Apio Hojas', NULL, 6, 8, '100 grs', '153', '118.00', 0, b'1', 15),
(213, 'Apio Hojas', NULL, 6, 8, '50 grs', '79', '61.00', 0, b'1', 15),
(214, 'Apio Hojas', NULL, 6, 8, 'Kg', '725', '483.00', 0, b'1', 15),
(215, 'Apio Semillas', NULL, 6, 8, '100 grs', '48', '37.00', 0, b'1', 15),
(216, 'Apio Semillas', NULL, 6, 8, '50 grs', '33', '25.00', 0, b'1', 15),
(217, 'Apio Semillas', NULL, 6, 8, 'Kg', '228', '152.00', 0, b'1', 15),
(218, 'Asadobo', NULL, 6, 8, '100 grs', '60', '46.00', 0, b'1', 15),
(219, 'Asadobo', NULL, 6, 8, '50 grs', '47', '36.00', 0, b'1', 15),
(220, 'Asadobo', NULL, 6, 8, 'Kg', '353', '235.00', 0, b'1', 15),
(221, 'Asafetida', NULL, 6, 8, '100 grs', '176', '135.00', 0, b'1', 15),
(222, 'Asafetida', NULL, 6, 8, 'Envase Pet 45G', '94', '72.00', 0, b'1', 15),
(223, 'Asafetida', NULL, 6, 8, 'Kg', '679', '522.00', 0, b'1', 15),
(224, 'Ashwagandha', NULL, 6, 8, '50 grs', '0', '0.00', 0, b'1', 15),
(225, 'Ashwagandha', NULL, 6, 8, 'Kg', '697', '465.00', 0, b'1', 15),
(226, 'Azafrán Español En Hebras', NULL, 6, 8, 'Especiero 4 g', '1623', '1249.00', 0, b'1', 15),
(227, 'Azafrán Español En Hebras', NULL, 6, 8, 'Estuche 0.5g', '184', '141.00', 0, b'1', 15),
(228, 'Canela en Rama', NULL, 6, 8, '100 grs', '90', '69.00', 0, b'1', 15),
(229, 'Canela en Rama', NULL, 6, 8, '50 grs', '53', '41.00', 0, b'1', 15),
(230, 'Canela en Rama', NULL, 6, 8, 'Kg', '408', '272.00', 0, b'1', 15),
(231, 'Canela Molida Pura', NULL, 6, 8, '100 grs', '73', '56.00', 0, b'1', 15),
(232, 'Canela Molida Pura', NULL, 6, 8, 'Especiero 35 g', '125', '96.00', 0, b'1', 15),
(233, 'Canela Molida Pura', NULL, 6, 8, 'Kg', '289', '193.00', 0, b'1', 15),
(234, 'Cardamomo en Semillas (Elaichi)', NULL, 6, 8, '100 grs', '296', '228.00', 0, b'1', 15),
(235, 'Cardamomo en Semillas (Elaichi)', NULL, 6, 8, '50 grs', '147', '113.00', 0, b'1', 15),
(236, 'Cardamomo en Semillas (Elaichi)', NULL, 6, 8, 'Kg', '1380', '920.00', 0, b'1', 15),
(237, 'Cardamomo En Vainas', NULL, 6, 8, '100 grs', '276', '213.00', 0, b'1', 15),
(238, 'Cardamomo En Vainas', NULL, 6, 8, 'Kg', '1575', '1050.00', 0, b'1', 15),
(239, 'Cardamomo Molido Puro', NULL, 6, 8, '100 grs', '343', '264.00', 0, b'1', 15),
(240, 'Cardamomo Molido Puro', NULL, 6, 8, '50 grs', '179', '138.00', 0, b'1', 15),
(241, 'Cardamomo Molido Puro', NULL, 6, 8, 'Especiero 30 g', '199', '153.00', 0, b'1', 15),
(242, 'Cardamomo Molido Puro', NULL, 6, 8, 'Kg', '1931', '1287.00', 0, b'1', 15),
(243, 'Cardamomo Negro', NULL, 6, 8, '100 grs', '140', '108.00', 0, b'1', 15),
(244, 'Cardamomo Negro', NULL, 6, 8, '50 grs', '75', '58.00', 0, b'1', 15),
(245, 'Cardamomo Negro', NULL, 6, 8, 'Kg', '711', '474.00', 0, b'1', 15),
(246, 'Cáscara De Limon', NULL, 6, 8, '100 grs', '341', '262.00', 0, b'1', 15),
(247, 'Cáscara De Limon', NULL, 6, 8, 'Kg', '1998', '1332.00', 0, b'1', 15),
(248, 'Cáscara De Naranja', NULL, 6, 8, '100 grs', '59', '46.00', 0, b'1', 15),
(249, 'Cáscara De Naranja', NULL, 6, 8, '50 grs', '40', '31.00', 0, b'1', 15),
(250, 'Cáscara De Naranja', NULL, 6, 8, 'Kg', '276', '184.00', 0, b'1', 15),
(251, 'Cebolla Blanca En Escamas', NULL, 6, 8, '100 grs', '78', '60.00', 0, b'1', 15),
(252, 'Cebolla Blanca En Escamas', NULL, 6, 8, '50 grs', '50', '38.00', 0, b'1', 15),
(253, 'Cebolla Blanca En Escamas', NULL, 6, 8, 'Kg', '326', '217.00', 0, b'1', 15),
(254, 'Cebolla Blanca En Polvo', NULL, 6, 8, '100 grs', '69', '53.00', 0, b'1', 15),
(255, 'Cebolla Blanca En Polvo', NULL, 6, 8, '50 grs', '44', '34.00', 0, b'1', 15),
(256, 'Cebolla Blanca En Polvo', NULL, 6, 8, 'Kg', '300', '200.00', 0, b'1', 15),
(257, 'Cebolla Blanca Triturada', NULL, 6, 8, '100 grs', '74', '57.00', 0, b'1', 15),
(258, 'Cebolla Blanca Triturada', NULL, 6, 8, '50 grs', '47', '36.00', 0, b'1', 15),
(259, 'Cebolla Blanca Triturada', NULL, 6, 8, 'Kg', '315', '210.00', 0, b'1', 15),
(260, 'Cebolla Roja Triturada', NULL, 6, 8, '100 grs', '72', '55.00', 0, b'1', 15),
(261, 'Cebolla Roja Triturada', NULL, 6, 8, '50 grs', '48', '37.00', 0, b'1', 15),
(262, 'Cebolla Roja Triturada', NULL, 6, 8, 'Kg', '333', '222.00', 0, b'1', 15),
(263, 'Chia', NULL, 6, 8, '100 grs', '69', '53.00', 0, b'1', 15),
(264, 'Chia', NULL, 6, 8, '50 grs', '44', '34.00', 0, b'1', 15),
(265, 'Chimichurri', NULL, 6, 8, '100 grs', '102', '78.00', 0, b'1', 15),
(266, 'Chimichurri', NULL, 6, 8, '50 grs', '59', '45.00', 0, b'1', 15),
(267, 'Chimichurri', NULL, 6, 8, 'Especiero 37g', '130', '100.00', 0, b'1', 15),
(268, 'Chimichurri', NULL, 6, 8, 'Kg', '434', '289.00', 0, b'1', 15),
(269, 'Churna Ayurvédico Kapha', NULL, 6, 8, 'Sobre Soypack 50 gr', '96', '74.00', 0, b'1', 15),
(270, 'Churna Ayurvédico Pitta', NULL, 6, 8, 'Sobre Soypack 50 gr', '91', '70.00', 0, b'1', 15),
(271, 'Churna Ayurvédico Vata', NULL, 6, 8, 'Sobre Soypack 50 gr', '86', '66.00', 0, b'1', 15),
(272, 'Ciboulette', NULL, 6, 8, '100 grs', '144', '111.00', 0, b'1', 15),
(273, 'Ciboulette', NULL, 6, 8, '50 grs', '79', '61.00', 0, b'1', 15),
(274, 'Ciboulette', NULL, 6, 8, 'Especiero 5g', '162', '124.00', 0, b'1', 15),
(275, 'Ciboulette', NULL, 6, 8, 'Kg', '730', '487.00', 0, b'1', 15),
(276, 'Clavo De Olor  Molido', NULL, 6, 8, 'Especiero 30 g', '159', '122.00', 0, b'1', 15),
(277, 'Clavo De Olor En Grano', NULL, 6, 8, '100 grs', '181', '139.00', 0, b'1', 15),
(278, 'Clavo De Olor En Grano', NULL, 6, 8, 'Kg', '1125', '750.00', 0, b'1', 15),
(279, 'Clavo De Olor Molido Puro', NULL, 6, 8, '100 grs', '227', '174.00', 0, b'1', 15),
(280, 'Clavo De Olor Molido Puro', NULL, 6, 8, '50 grs', '119', '91.00', 0, b'1', 15),
(281, 'Clavo De Olor Molido Puro', NULL, 6, 8, 'Kg', '1376', '917.00', 0, b'1', 15),
(282, 'Coco Rallado', NULL, 6, 8, '100 grs', '76', '58.00', 0, b'1', 15),
(283, 'Coco Rallado', NULL, 6, 8, 'Kg', '192', '128.00', 0, b'1', 15),
(284, 'Comino En Grano', NULL, 6, 8, '100 grs', '72', '55.00', 0, b'1', 15),
(285, 'Comino En Grano', NULL, 6, 8, 'Kg', '315', '210.00', 0, b'1', 15),
(286, 'Comino Molido Puro', NULL, 6, 8, '100 grs', '93', '72.00', 0, b'1', 15),
(287, 'Comino Molido Puro', NULL, 6, 8, '50 grs', '58', '45.00', 0, b'1', 15),
(288, 'Comino Molido Puro', NULL, 6, 8, 'Especiero 28 g', '126', '97.00', 0, b'1', 15),
(289, 'Comino Molido Puro', NULL, 6, 8, 'Kg', '393', '262.00', 0, b'1', 15),
(290, 'Condimento Para  Ave', NULL, 6, 8, '100 grs', '86', '66.00', 0, b'1', 15),
(291, 'Condimento Para  Ave', NULL, 6, 8, '50 grs', '54', '41.00', 0, b'1', 15),
(292, 'Condimento Para  Ave', NULL, 6, 8, 'Kg', '412', '275.00', 0, b'1', 15),
(293, 'Condimento Para Arroz', NULL, 6, 8, '100 grs', '87', '67.00', 0, b'1', 15),
(294, 'Condimento Para Arroz', NULL, 6, 8, '50 grs', '57', '44.00', 0, b'1', 15),
(295, 'Condimento Para Arroz', NULL, 6, 8, 'Kg', '375', '250.00', 0, b'1', 15),
(296, 'Condimento Para Ave', NULL, 6, 8, 'Especiero 20g', '116', '89.00', 0, b'1', 15),
(297, 'Condimento Para Guiso', NULL, 6, 8, '100 grs', '80', '62.00', 0, b'1', 15),
(298, 'Condimento Para Guiso', NULL, 6, 8, '50 grs', '52', '40.00', 0, b'1', 15),
(299, 'Condimento Para Guiso', NULL, 6, 8, 'Especiero 30g', '114', '88.00', 0, b'1', 15),
(300, 'Condimento Para Guiso', NULL, 6, 8, 'Kg', '393', '262.00', 0, b'1', 15),
(301, 'Condimento Para Pescado', NULL, 6, 8, '100 grs', '87', '67.00', 0, b'1', 15),
(302, 'Condimento Para Pescado', NULL, 6, 8, '50 grs', '54', '42.00', 0, b'1', 15),
(303, 'Condimento Para Pescado', NULL, 6, 8, 'Especiero 20g', '116', '89.00', 0, b'1', 15),
(304, 'Condimento Para Pescado', NULL, 6, 8, 'Kg', '430', '287.00', 0, b'1', 15),
(305, 'Condimento Para Pescado con Assarapido', NULL, 6, 8, '100 grs', '56', '43.00', 0, b'1', 15),
(306, 'Condimento Para Pescado con Assarapido', NULL, 6, 8, '50 grs', '56', '43.00', 0, b'1', 15),
(307, 'Condimento Para Pescado con Assarapido', NULL, 6, 8, 'Kg', '51', '34.00', 0, b'1', 15),
(308, 'Condimento Para Pollo con Assarapido', NULL, 6, 8, '100 grs', '56', '43.00', 0, b'1', 15),
(309, 'Condimento Para Pollo con Assarapido', NULL, 6, 8, '50 grs', '56', '43.00', 0, b'1', 15),
(310, 'Condimento Para Pollo con Assarapido', NULL, 6, 8, 'Kg', '51', '34.00', 0, b'1', 15),
(311, 'Condimento Para Tuco', NULL, 6, 8, '100 grs', '73', '56.00', 0, b'1', 15),
(312, 'Condimento Para Tuco', NULL, 6, 8, '50 grs', '48', '37.00', 0, b'1', 15),
(313, 'Condimento Para Tuco', NULL, 6, 8, 'Especiero 25g', '114', '88.00', 0, b'1', 15),
(314, 'Condimento Para Tuco', NULL, 6, 8, 'Kg', '328', '218.00', 0, b'1', 15),
(315, 'Condimento Verde', NULL, 6, 8, '100 grs', '82', '63.00', 0, b'1', 15),
(316, 'Condimento Verde', NULL, 6, 8, '50 grs', '51', '40.00', 0, b'1', 15),
(317, 'Condimento Verde', NULL, 6, 8, 'Especiero 35 g', '127', '98.00', 0, b'1', 15),
(318, 'Condimento Verde', NULL, 6, 8, 'Kg', '441', '294.00', 0, b'1', 15),
(319, 'Coriandro En Grano', NULL, 6, 8, '100 grs', '57', '44.00', 0, b'1', 15),
(320, 'Coriandro En Grano', NULL, 6, 8, '50 grs', '37', '28.00', 0, b'1', 15),
(321, 'Coriandro En Grano', NULL, 6, 8, 'Kg', '203', '135.00', 0, b'1', 15),
(322, 'Coriandro Molido', NULL, 6, 8, 'Especiero 55 g', '145', '111.00', 0, b'1', 15),
(323, 'Coriandro Molido Puro', NULL, 6, 8, '100 grs', '76', '58.00', 0, b'1', 15),
(324, 'Coriandro Molido Puro', NULL, 6, 8, '50 grs', '51', '39.00', 0, b'1', 15),
(325, 'Coriandro Molido Puro', NULL, 6, 8, 'Kg', '256', '171.00', 0, b'1', 15),
(326, 'Cúrcuma Molida', NULL, 6, 8, 'Especiero 30 g', '118', '91.00', 0, b'1', 15),
(327, 'Curcuma Molida Pura', NULL, 6, 8, '100 grs', '70', '54.00', 0, b'1', 15),
(328, 'Curcuma Molida Pura', NULL, 6, 8, 'Kg', '381', '254.00', 0, b'1', 15),
(329, 'Curry 7 Mares Para Carnes Blancas Y Rojas', NULL, 6, 8, '100 grs', '108', '83.00', 0, b'1', 15),
(330, 'Curry 7 Mares Para Carnes Blancas Y Rojas', NULL, 6, 8, '50 grs', '64', '49.00', 0, b'1', 15),
(331, 'Curry 7 Mares Para Carnes Blancas Y Rojas', NULL, 6, 8, 'Kg', '540', '360.00', 0, b'1', 15),
(332, 'Curry Ayurvédico Tri Doshico', NULL, 6, 8, 'Sobre Doypack 50 gr', '102', '79.00', 0, b'1', 15),
(333, 'Curry Para Arroz Y Pescado', NULL, 6, 8, 'Especiero 35 g', '123', '94.00', 0, b'1', 15),
(334, 'Curry Picante', NULL, 6, 8, '100 grs', '107', '82.00', 0, b'1', 15),
(335, 'Curry Picante', NULL, 6, 8, 'Kg', '545', '364.00', 0, b'1', 15),
(336, 'Curry Siete Mares Para Carnes Blancas Y Rojas', NULL, 6, 8, 'Especiero 27 g', '128', '98.00', 0, b'1', 15),
(337, 'Curry Suave', NULL, 6, 8, '100 grs', '101', '78.00', 0, b'1', 15),
(338, 'Curry Suave', NULL, 6, 8, 'Especiero 35 g', '129', '99.00', 0, b'1', 15),
(339, 'Curry Suave', NULL, 6, 8, 'Kg', '516', '344.00', 0, b'1', 15),
(340, 'Eneldo Hojas', NULL, 6, 8, '100 grs', '78', '60.00', 0, b'1', 15),
(341, 'Eneldo Hojas', NULL, 6, 8, '50 grs', '50', '38.00', 0, b'1', 15),
(342, 'Eneldo Hojas', NULL, 6, 8, 'Kg', '399', '266.00', 0, b'1', 15),
(343, 'Eneldo Semillas', NULL, 6, 8, '100 grs', '48', '37.00', 0, b'1', 15),
(344, 'Eneldo Semillas', NULL, 6, 8, '50 grs', '33', '25.00', 0, b'1', 15),
(345, 'Eneldo Semillas', NULL, 6, 8, 'Especiero 15g', '114', '88.00', 0, b'1', 15),
(346, 'Eneldo Semillas', NULL, 6, 8, 'Kg', '182', '121.00', 0, b'1', 15),
(347, 'Especias Puras Molidas', NULL, 6, 8, '100 grs', '77', '60.00', 0, b'1', 15),
(348, 'Especias Puras Molidas', NULL, 6, 8, '50 grs', '49', '38.00', 0, b'1', 15),
(349, 'Especias Puras Molidas', NULL, 6, 8, 'Especiero 30 g', '125', '96.00', 0, b'1', 15),
(350, 'Especias Puras Molidas', NULL, 6, 8, 'Kg', '434', '289.00', 0, b'1', 15),
(351, 'Espinaca Molida Pura', NULL, 6, 8, '100 grs', '77', '60.00', 0, b'1', 15),
(352, 'Espinaca Molida Pura', NULL, 6, 8, '50 grs', '49', '38.00', 0, b'1', 15),
(353, 'Espinaca Molida Pura', NULL, 6, 8, 'Kg', '267', '178.00', 0, b'1', 15),
(354, 'Estragón', NULL, 6, 8, '100 grs', '369', '284.00', 0, b'1', 15),
(355, 'Estragón', NULL, 6, 8, 'Especiero 5g', '115', '88.00', 0, b'1', 15),
(356, 'Estragón', NULL, 6, 8, 'Kg', '2344', '1563.00', 0, b'1', 15),
(357, 'Fenogreco En Grano', NULL, 6, 8, '100 grs', '47', '37.00', 0, b'1', 15),
(358, 'Fenogreco En Grano', NULL, 6, 8, '50 grs', '33', '25.00', 0, b'1', 15),
(359, 'Fenogreco En Grano', NULL, 6, 8, 'Kg', '185', '123.00', 0, b'1', 15),
(360, 'Fenogreco Molido Puro', NULL, 6, 8, '100 grs', '64', '49.00', 0, b'1', 15),
(361, 'Fenogreco Molido Puro', NULL, 6, 8, '50 grs', '46', '35.00', 0, b'1', 15),
(362, 'Fenogreco Molido Puro', NULL, 6, 8, 'Especiero 60 g', '106', '82.00', 0, b'1', 15),
(363, 'Fenogreco Molido Puro', NULL, 6, 8, 'Kg', '234', '156.00', 0, b'1', 15),
(364, 'Finas Hierbas', NULL, 6, 8, '100 grs', '124', '95.00', 0, b'1', 15),
(365, 'Finas Hierbas', NULL, 6, 8, '50 grs', '68', '52.00', 0, b'1', 15),
(366, 'Finas Hierbas', NULL, 6, 8, 'Especiero 10g', '115', '88.00', 0, b'1', 15),
(367, 'Finas Hierbas', NULL, 6, 8, 'Kg', '708', '472.00', 0, b'1', 15),
(368, 'Galangal', NULL, 6, 8, '100 grs', '73', '56.00', 0, b'1', 15),
(369, 'Galangal', NULL, 6, 8, '50 grs', '47', '36.00', 0, b'1', 15),
(370, 'Galangal', NULL, 6, 8, 'Kg', '412', '275.00', 0, b'1', 15),
(371, 'Garam Masala Aromático', NULL, 6, 8, '100 grs', '194', '149.00', 0, b'1', 15),
(372, 'Garam Masala Aromático', NULL, 6, 8, '50 grs', '108', '83.00', 0, b'1', 15),
(373, 'Garam Masala Aromático', NULL, 6, 8, 'Kg', '1133', '755.00', 0, b'1', 15),
(374, 'Garam Masala Aromatico (Dulce)', NULL, 6, 8, 'Especiero 35g', '157', '121.00', 0, b'1', 15),
(375, 'Herbs De Provence', NULL, 6, 8, '100 grs', '79', '61.00', 0, b'1', 15),
(376, 'Herbs De Provence', NULL, 6, 8, '50 grs', '49', '37.00', 0, b'1', 15),
(377, 'Herbs De Provence', NULL, 6, 8, 'Kg', '392', '261.00', 0, b'1', 15),
(378, 'Hibisco Flores', NULL, 6, 8, '100 grs', '106', '81.00', 0, b'1', 15),
(379, 'Hibisco Flores', NULL, 6, 8, '50 grs', '50', '38.00', 0, b'1', 15),
(380, 'Hibisco Flores', NULL, 6, 8, 'Kg', '455', '303.00', 0, b'1', 15),
(381, 'Hinojo  En Grano', NULL, 6, 8, 'Especiero 30 g', '104', '80.00', 0, b'1', 15),
(382, 'Hinojo En Grano', NULL, 6, 8, '100 grs', '64', '49.00', 0, b'1', 15),
(383, 'Hinojo En Grano', NULL, 6, 8, 'Kg', '263', '175.00', 0, b'1', 15),
(384, 'Hinojo Molido Puro O Partido', NULL, 6, 8, '100 grs', '84', '64.00', 0, b'1', 15),
(385, 'Hinojo Molido Puro O Partido', NULL, 6, 8, '50 grs', '54', '41.00', 0, b'1', 15),
(386, 'Hinojo Molido Puro O Partido', NULL, 6, 8, 'Kg', '326', '217.00', 0, b'1', 15),
(387, 'Hojas De Curry', NULL, 6, 8, '100 grs', '49', '38.00', 0, b'1', 15),
(388, 'Hojas De Curry', NULL, 6, 8, '50 grs', '33', '26.00', 0, b'1', 15),
(389, 'Hojas De Curry', NULL, 6, 8, 'Kg', '225', '150.00', 0, b'1', 15),
(390, 'Hojas De Tulsi', NULL, 6, 8, '100 grs', '71', '55.00', 0, b'1', 15),
(391, 'Hojas De Tulsi', NULL, 6, 8, '50 grs', '45', '35.00', 0, b'1', 15),
(392, 'Hojas De Tulsi', NULL, 6, 8, 'Kg', '402', '268.00', 0, b'1', 15),
(393, 'Jengibre Molido', NULL, 6, 8, 'Especiero 30 g', '124', '95.00', 0, b'1', 15),
(394, 'Jengibre Molido Puro', NULL, 6, 8, '100 grs', '102', '79.00', 0, b'1', 15),
(395, 'Jengibre Molido Puro', NULL, 6, 8, '50 grs', '59', '46.00', 0, b'1', 15),
(396, 'Jengibre Molido Puro', NULL, 6, 8, 'Kg', '467', '311.00', 0, b'1', 15),
(397, 'Laurel Molido', NULL, 6, 8, '100 grs', '84', '65.00', 0, b'1', 15),
(398, 'Laurel Molido', NULL, 6, 8, '50 grs', '52', '40.00', 0, b'1', 15),
(399, 'Laurel Molido', NULL, 6, 8, 'Kg', '470', '314.00', 0, b'1', 15),
(400, 'Lino Semillas', NULL, 6, 8, '100 grs', '44', '34.00', 0, b'1', 15),
(401, 'Lino Semillas', NULL, 6, 8, 'Kg', '99', '66.00', 0, b'1', 15),
(402, 'Maca Orgánica Molida', NULL, 6, 8, '100 grs', '193', '148.00', 0, b'1', 15),
(403, 'Maca Orgánica Molida', NULL, 6, 8, '50 grs', '127', '98.00', 0, b'1', 15),
(404, 'Maca Orgánica Molida', NULL, 6, 8, 'Kg', '1168', '778.00', 0, b'1', 15),
(405, 'Macerado Para Pollo', NULL, 6, 8, '100 grs', '121', '93.00', 0, b'1', 15),
(406, 'Macerado Para Pollo', NULL, 6, 8, '50 grs', '66', '51.00', 0, b'1', 15),
(407, 'Macerado Para Pollo', NULL, 6, 8, 'Kg', '589', '393.00', 0, b'1', 15),
(408, 'Menta Piperita', NULL, 6, 8, '100 grs', '67', '52.00', 0, b'1', 15),
(409, 'Menta Piperita', NULL, 6, 8, '50 grs', '42', '32.00', 0, b'1', 15),
(410, 'Menta Piperita', NULL, 6, 8, 'Kg', '270', '180.00', 0, b'1', 15),
(411, 'Morrón Rojo En Escamas 9X9', NULL, 6, 8, '100 grs', '115', '89.00', 0, b'1', 15),
(412, 'Morrón Rojo En Escamas 9X9', NULL, 6, 8, '50 grs', '68', '52.00', 0, b'1', 15),
(413, 'Morrón Rojo En Escamas 9X9', NULL, 6, 8, 'Kg', '478', '318.00', 0, b'1', 15),
(414, 'Morrón Rojo Triturado 3X3', NULL, 6, 8, '100 grs', '115', '89.00', 0, b'1', 15),
(415, 'Morrón Rojo Triturado 3X3', NULL, 6, 8, '50 grs', '68', '52.00', 0, b'1', 15),
(416, 'Morrón Rojo Triturado 3X3', NULL, 6, 8, 'Kg', '472', '315.00', 0, b'1', 15),
(417, 'Mostaza  Amarilla En Grano', NULL, 6, 8, '100 grs', '47', '36.00', 0, b'1', 15),
(418, 'Mostaza  Amarilla En Grano', NULL, 6, 8, '50 grs', '31', '24.00', 0, b'1', 15),
(419, 'Mostaza  Amarilla En Grano', NULL, 6, 8, 'Kg', '174', '116.00', 0, b'1', 15),
(420, 'Mostaza Amarilla En Grano', NULL, 6, 8, 'Molinillo 60 g', '139', '107.00', 0, b'1', 15),
(421, 'Mostaza Amarilla Molida Pura', NULL, 6, 8, '100 grs', '63', '49.00', 0, b'1', 15),
(422, 'Mostaza Amarilla Molida Pura', NULL, 6, 8, '50 grs', '45', '35.00', 0, b'1', 15),
(423, 'Mostaza Amarilla Molida Pura', NULL, 6, 8, 'Kg', '284', '189.00', 0, b'1', 15),
(424, 'Mostaza Molida', NULL, 6, 8, 'Especiero 40 g', '120', '93.00', 0, b'1', 15),
(425, 'Mostaza Negra En Grano', NULL, 6, 8, '100 grs', '49', '38.00', 0, b'1', 15),
(426, 'Mostaza Negra En Grano', NULL, 6, 8, '50 grs', '34', '26.00', 0, b'1', 15),
(427, 'Mostaza Negra En Grano', NULL, 6, 8, 'Kg', '204', '136.00', 0, b'1', 15),
(428, 'Mostaza Negra En Grano', NULL, 6, 8, 'Molinillo 60g', '166', '128.00', 0, b'1', 15),
(429, 'Nuez Moscada', NULL, 6, 8, 'Molinillo 40 g', '192', '148.00', 0, b'1', 15),
(430, 'Nuez Moscada Enteras', NULL, 6, 8, '100 grs', '250', '193.00', 0, b'1', 15),
(431, 'Nuez Moscada Enteras', NULL, 6, 8, 'Kg', '1550', '1033.00', 0, b'1', 15),
(432, 'Nuez Moscada Molida', NULL, 6, 8, 'Especiero 40 g', '182', '140.00', 0, b'1', 15),
(433, 'Nuez Moscada Molida Pura', NULL, 6, 8, '100 grs', '150', '116.00', 0, b'1', 15),
(434, 'Nuez Moscada Molida Pura', NULL, 6, 8, '50 grs', '82', '63.00', 0, b'1', 15),
(435, 'Nuez Moscada Molida Pura', NULL, 6, 8, 'Kg', '897', '598.00', 0, b'1', 15),
(436, 'Orégano Limpio', NULL, 6, 8, '100 grs', '56', '43.00', 0, b'1', 15),
(437, 'Orégano Limpio', NULL, 6, 8, 'Kg', '273', '182.00', 0, b'1', 15),
(438, 'Perejil Deshidratado Premium', NULL, 6, 8, '100 grs', '128', '98.00', 0, b'1', 15),
(439, 'Perejil Deshidratado Premium', NULL, 6, 8, '50 grs', '71', '55.00', 0, b'1', 15),
(440, 'Perejil Deshidratado Premium', NULL, 6, 8, 'Kg', '622', '415.00', 0, b'1', 15),
(441, 'Pesto Tipo Genovés', NULL, 6, 8, '100 grs', '79', '61.00', 0, b'1', 15),
(442, 'Pesto Tipo Genovés', NULL, 6, 8, '50 grs', '50', '39.00', 0, b'1', 15),
(443, 'Pesto Tipo Genovés', NULL, 6, 8, 'Especiero 15g', '113', '87.00', 0, b'1', 15),
(444, 'Pesto Tipo Genovés', NULL, 6, 8, 'Kg', '331', '221.00', 0, b'1', 15),
(445, 'Pétalos De Rosa', NULL, 6, 8, 'Kg', '942', '628.00', 0, b'1', 15),
(446, 'Pimentón Ahumado', NULL, 6, 8, '100 grs', '110', '84.00', 0, b'1', 15),
(447, 'Pimentón Ahumado', NULL, 6, 8, 'Especiero 35g', '119', '91.00', 0, b'1', 15),
(448, 'Pimentón Ahumado', NULL, 6, 8, 'Kg', '377', '251.00', 0, b'1', 15),
(449, 'Pimentón Dulce Molido', NULL, 6, 8, 'Especiero 35 g', '124', '95.00', 0, b'1', 15),
(450, 'Pimentón Molido Puro', NULL, 6, 8, '100 grs', '74', '57.00', 0, b'1', 15),
(451, 'Pimentón Molido Puro', NULL, 6, 8, 'Kg', '295', '196.00', 0, b'1', 15),
(452, 'Pimienta Blanca Grano', NULL, 6, 8, '100 grs', '245', '188.00', 0, b'1', 15),
(453, 'Pimienta Blanca Grano', NULL, 6, 8, '50 grs', '126', '97.00', 0, b'1', 15),
(454, 'Pimienta Blanca Grano', NULL, 6, 8, 'Kg', '1462', '975.00', 0, b'1', 15),
(455, 'Pimienta Blanca Grano', NULL, 6, 8, 'Molinillo 45 g', '250', '192.00', 0, b'1', 15),
(456, 'Pimienta Blanca Molida', NULL, 6, 8, 'Especiero 45 g', '210', '161.00', 0, b'1', 15),
(457, 'Pimienta Blanca Molida Pura', NULL, 6, 8, '100 grs', '245', '188.00', 0, b'1', 15),
(458, 'Pimienta Blanca Molida Pura', NULL, 6, 8, 'Kg', '1462', '975.00', 0, b'1', 15),
(459, 'Pimienta Cayena', NULL, 6, 8, 'Especiero 35 g', '123', '95.00', 0, b'1', 15),
(460, 'Pimienta Cayena Molida', NULL, 6, 8, '100 grs', '80', '61.00', 0, b'1', 15),
(461, 'Pimienta Cayena Molida', NULL, 6, 8, '50 grs', '50', '39.00', 0, b'1', 15),
(462, 'Pimienta Cayena Molida', NULL, 6, 8, 'Kg', '401', '267.00', 0, b'1', 15),
(463, 'Pimienta Jamaica', NULL, 6, 8, '100 grs', '124', '95.00', 0, b'1', 15),
(464, 'Pimienta Jamaica', NULL, 6, 8, '50 grs', '72', '56.00', 0, b'1', 15),
(465, 'Pimienta Jamaica', NULL, 6, 8, 'Kg', '613', '409.00', 0, b'1', 15),
(466, 'Pimienta Jamaica', NULL, 6, 8, 'Molinillo 30 g', '181', '140.00', 0, b'1', 15),
(467, 'Pimienta Longa', NULL, 6, 8, '100 grs', '219', '168.00', 0, b'1', 15),
(468, 'Pimienta Longa', NULL, 6, 8, '50 grs', '121', '93.00', 0, b'1', 15),
(469, 'Pimienta Longa', NULL, 6, 8, 'Kg', '1235', '824.00', 0, b'1', 15),
(470, 'Pimienta Negra En Grano Clasificada', NULL, 6, 8, '100 grs', '150', '116.00', 0, b'1', 15),
(471, 'Pimienta Negra En Grano Clasificada', NULL, 6, 8, 'Kg', '749', '499.00', 0, b'1', 15),
(472, 'Pimienta Negra Grano', NULL, 6, 8, 'Molinillo 35 g', '165', '127.00', 0, b'1', 15),
(473, 'Pimienta Negra Molida Pura', NULL, 6, 8, '100 grs', '219', '168.00', 0, b'1', 15),
(474, 'Pimienta Negra Molida Pura', NULL, 6, 8, '50 grs', '110', '84.00', 0, b'1', 15),
(475, 'Pimienta Negra Molida Pura', NULL, 6, 8, 'Kg', '924', '616.00', 0, b'1', 15),
(476, 'Pimienta Negra Partida', NULL, 6, 8, '100 grs', '186', '143.00', 0, b'1', 15),
(477, 'Pimienta Negra Partida', NULL, 6, 8, '50 grs', '103', '79.00', 0, b'1', 15),
(478, 'Pimienta Negra Partida', NULL, 6, 8, 'Kg', '937', '625.00', 0, b'1', 15),
(479, 'Pimienta Rosada', NULL, 6, 8, '100 grs', '249', '192.00', 0, b'1', 15),
(480, 'Pimienta Rosada', NULL, 6, 8, '50 grs', '136', '105.00', 0, b'1', 15),
(481, 'Pimienta Rosada', NULL, 6, 8, 'Kg', '1418', '946.00', 0, b'1', 15),
(482, 'Pimienta Rosada Grano', NULL, 6, 8, 'Molinillo 20g', '189', '145.00', 0, b'1', 15),
(483, 'Pimienta Sechuan', NULL, 6, 8, 'Molinillo 16g', '191', '147.00', 0, b'1', 15),
(484, 'Pimienta Szechuan', NULL, 6, 8, 'Kg', '582', '388.00', 0, b'1', 15),
(485, 'Pimienta Verde', NULL, 6, 8, '100 grs', '395', '304.00', 0, b'1', 15),
(486, 'Pimienta Verde En Grano', NULL, 6, 8, 'Kg', '1978', '1319.00', 0, b'1', 15),
(487, 'Popurrí Cuatro Pimientas', NULL, 6, 8, 'Kg', '1321', '881.00', 0, b'1', 15),
(488, 'Popurrí De  Pimientas', NULL, 6, 8, '100 grs', '205', '158.00', 0, b'1', 15),
(489, 'Popurrí De Pimientas', NULL, 6, 8, 'Molinillo 40 g', '230', '177.00', 0, b'1', 15),
(490, 'Quatre 4 Epices', NULL, 6, 8, '100 grs', '122', '94.00', 0, b'1', 15),
(491, 'Quatre 4 Epices', NULL, 6, 8, '50 grs', '67', '52.00', 0, b'1', 15),
(492, 'Quatre 4 Epices', NULL, 6, 8, 'Kg', '576', '384.00', 0, b'1', 15),
(493, 'Regaliz Molido', NULL, 6, 8, '100 grs', '1863', '1433.00', 0, b'1', 15),
(494, 'Regaliz Molido', NULL, 6, 8, '50 grs', '58', '44.00', 0, b'1', 15),
(495, 'Regaliz Molido', NULL, 6, 8, 'Kg', '505', '337.00', 0, b'1', 15),
(496, 'Romero', NULL, 6, 8, '100 grs', '68', '53.00', 0, b'1', 15),
(497, 'Romero', NULL, 6, 8, 'Especiero 10 g', '86', '67.00', 0, b'1', 15),
(498, 'Romero', NULL, 6, 8, 'Kg', '327', '218.00', 0, b'1', 15),
(499, 'Sal De Ajo', NULL, 6, 8, '100 grs', '52', '40.00', 0, b'1', 15),
(500, 'Sal De Ajo', NULL, 6, 8, 'Especiero 90g', '130', '100.00', 0, b'1', 15),
(501, 'Sal De Ajo', NULL, 6, 8, 'Kg', '265', '177.00', 0, b'1', 15),
(502, 'Sal De Apio', NULL, 6, 8, '100 grs', '49', '37.00', 0, b'1', 15),
(503, 'Sal De Apio', NULL, 6, 8, 'Especiero 70g', '154', '119.00', 0, b'1', 15),
(504, 'Sal De Apio', NULL, 6, 8, 'Kg', '302', '201.00', 0, b'1', 15),
(505, 'Sal Negra De Himalaya Kala Namack Guresa', NULL, 6, 8, 'Molinillo 82g', '172', '132.00', 0, b'1', 15),
(506, 'Sal Negra De Himalaya Kala Namak 100G', NULL, 6, 8, '100 grs', '50', '38.00', 0, b'1', 15),
(507, 'Sal Negra De Himalaya Kala Namak 100G', NULL, 6, 8, '50 grs', '50', '38.00', 0, b'1', 15),
(508, 'Sal Rosada De Himalaya Cristales', NULL, 6, 8, 'Molinillo 90g', '186', '143.00', 0, b'1', 15),
(509, 'Sal Rosada De Himalaya Fina', NULL, 6, 8, 'Especiero 87g', '146', '112.00', 0, b'1', 15),
(510, 'Salvia', NULL, 6, 8, '100 grs', '69', '53.00', 0, b'1', 15),
(511, 'Salvia', NULL, 6, 8, '50 grs', '43', '33.00', 0, b'1', 15),
(512, 'Salvia', NULL, 6, 8, 'Kg', '381', '254.00', 0, b'1', 15),
(513, 'Salvia Hojas', NULL, 6, 8, 'Especiero 5g', '93', '71.00', 0, b'1', 15),
(514, 'Sésamo Blanco', NULL, 6, 8, 'Especiero 45g', '121', '93.00', 0, b'1', 15),
(515, 'Sésamo Integral', NULL, 6, 8, 'Especiero 45g', '98', '75.00', 0, b'1', 15),
(516, 'Sésamo Negro', NULL, 6, 8, 'Especiero 45g', '112', '86.00', 0, b'1', 15),
(517, 'Sofrito', NULL, 6, 8, '100 grs', '83', '64.00', 0, b'1', 15),
(518, 'Sofrito', NULL, 6, 8, '50 grs', '51', '39.00', 0, b'1', 15),
(519, 'Sofrito', NULL, 6, 8, 'Kg', '412', '275.00', 0, b'1', 15),
(520, 'Tandoori', NULL, 6, 8, '100 grs', '95', '73.00', 0, b'1', 15),
(521, 'Tandoori', NULL, 6, 8, '50 grs', '56', '43.00', 0, b'1', 15),
(522, 'Tandoori', NULL, 6, 8, 'Especiero 27 g', '121', '93.00', 0, b'1', 15),
(523, 'Tandoori', NULL, 6, 8, 'Kg', '485', '323.00', 0, b'1', 15),
(524, 'Tomate Deshidratado En Escamas', NULL, 6, 8, '100 grs', '95', '73.00', 0, b'1', 15),
(525, 'Tomate Deshidratado En Escamas', NULL, 6, 8, '50 grs', '58', '45.00', 0, b'1', 15),
(526, 'Tomate Deshidratado En Escamas', NULL, 6, 8, 'Kg', '501', '334.00', 0, b'1', 15),
(527, 'Tomillo', NULL, 6, 8, '100 grs', '71', '54.00', 0, b'1', 15),
(528, 'Tomillo', NULL, 6, 8, '50 grs', '44', '34.00', 0, b'1', 15),
(529, 'Tomillo', NULL, 6, 8, 'Especiero 15 g', '90', '69.00', 0, b'1', 15),
(530, 'Tomillo', NULL, 6, 8, 'Kg', '345', '230.00', 0, b'1', 15),
(531, 'Vainas De Vainilla', NULL, 6, 8, 'Tubo vidrio x 2 vainas', '213', '164.00', 0, b'1', 15),
(532, 'Wasabi', NULL, 6, 8, '100 grs', '133', '103.00', 0, b'1', 15),
(533, 'Wasabi', NULL, 6, 8, '50 grs', '78', '60.00', 0, b'1', 15),
(534, 'Wasabi', NULL, 6, 8, 'Kg', '593', '395.00', 0, b'1', 15),
(535, 'Arándanos', NULL, 2, 1, 'petaca', '60', '48.00', 0, b'1', 15),
(536, 'Tomates', NULL, 1, 1, 'Kg', '90', '72.00', 0, b'1', 15),
(537, 'Duraznos', NULL, 1, 1, 'Kg', '95', '76.00', 0, b'1', 15);

-- --------------------------------------------------------

--
-- Estructura de tabla para la tabla `NUT_PROVEEDORES`
--

CREATE TABLE IF NOT EXISTS `NUT_PROVEEDORES` (
  `idProveedor` bigint(20) NOT NULL AUTO_INCREMENT,
  `nombre` varchar(30) CHARACTER SET latin1 NOT NULL,
  PRIMARY KEY (`idProveedor`)
) ENGINE=MyISAM  DEFAULT CHARSET=latin1 COLLATE=latin1_spanish_ci AUTO_INCREMENT=7 ;

--
-- Volcado de datos para la tabla `NUT_PROVEEDORES`
--

INSERT INTO `NUT_PROVEEDORES` (`idProveedor`, `nombre`) VALUES
(1, '34 Sur'),
(2, 'Feral'),
(3, 'Graneco'),
(4, 'Prana'),
(5, 'La Trinidad'),
(6, 'Nutritívoz');

-- --------------------------------------------------------

--
-- Estructura de tabla para la tabla `NUT_ZONA`
--

CREATE TABLE IF NOT EXISTS `NUT_ZONA` (
  `idZona` bigint(20) NOT NULL AUTO_INCREMENT,
  `nombre` varchar(50) COLLATE latin1_general_ci NOT NULL,
  `fechaProxEntrega` datetime NOT NULL,
  `fechaCierrePedidos` datetime NOT NULL,
  PRIMARY KEY (`idZona`)
) ENGINE=MyISAM  DEFAULT CHARSET=latin1 COLLATE=latin1_general_ci AUTO_INCREMENT=3 ;

--
-- Volcado de datos para la tabla `NUT_ZONA`
--

INSERT INTO `NUT_ZONA` (`idZona`, `nombre`, `fechaProxEntrega`, `fechaCierrePedidos`) VALUES
(1, 'Montevideo', '2016-12-03 15:06:41', '2016-11-30 15:06:52'),
(2, 'Punta del Este', '2016-12-08 15:10:01', '2016-12-05 15:10:06');

-- --------------------------------------------------------

--
-- Estructura de tabla para la tabla `NUT_ZONA_PRODUCTO`
--

CREATE TABLE IF NOT EXISTS `NUT_ZONA_PRODUCTO` (
  `idZona` bigint(20) NOT NULL,
  `idProducto` bigint(20) NOT NULL,
  PRIMARY KEY (`idZona`,`idProducto`)
) ENGINE=MyISAM DEFAULT CHARSET=latin1 COLLATE=latin1_general_ci;

--
-- Volcado de datos para la tabla `NUT_ZONA_PRODUCTO`
--

INSERT INTO `NUT_ZONA_PRODUCTO` (`idZona`, `idProducto`) VALUES
(1, 1),
(1, 2),
(1, 3),
(1, 4),
(1, 5),
(1, 6),
(1, 7),
(1, 8),
(1, 9),
(1, 10),
(1, 11),
(1, 12),
(1, 13),
(1, 14),
(1, 15),
(1, 16),
(1, 17),
(1, 18),
(1, 19),
(1, 20),
(1, 21),
(1, 22),
(1, 23),
(1, 24),
(1, 25),
(1, 26),
(1, 27),
(1, 28),
(1, 29),
(1, 30),
(1, 31),
(1, 32),
(1, 33),
(1, 34),
(1, 35),
(1, 36),
(1, 37),
(1, 38),
(1, 39),
(1, 40),
(1, 41),
(1, 42),
(1, 43),
(1, 44),
(1, 45),
(1, 46),
(1, 47),
(1, 48),
(1, 49),
(1, 50),
(1, 51),
(1, 52),
(1, 53),
(1, 54),
(1, 55),
(1, 56),
(1, 57),
(1, 58),
(1, 59),
(1, 60),
(1, 61),
(1, 62),
(1, 63),
(1, 64),
(1, 65),
(1, 66),
(1, 67),
(1, 68),
(1, 69),
(1, 70),
(1, 71),
(1, 72),
(1, 73),
(1, 74),
(1, 75),
(1, 76),
(1, 77),
(1, 78),
(1, 79),
(1, 80),
(1, 81),
(1, 82),
(1, 83),
(1, 84),
(1, 85),
(1, 86),
(1, 87),
(1, 88),
(1, 89),
(1, 90),
(1, 91),
(1, 92),
(1, 93),
(1, 94),
(1, 95),
(1, 96),
(1, 97),
(1, 98),
(1, 99),
(1, 100),
(1, 101),
(1, 102),
(1, 103),
(1, 104),
(1, 105),
(1, 106),
(1, 107),
(1, 108),
(1, 109),
(1, 110),
(1, 111),
(1, 112),
(1, 113),
(1, 114),
(1, 115),
(1, 116),
(1, 117),
(1, 118),
(1, 119),
(1, 120),
(1, 121),
(1, 122),
(1, 123),
(1, 124),
(1, 125),
(1, 126),
(1, 127),
(1, 128),
(1, 129),
(1, 130),
(1, 131),
(1, 132),
(1, 133),
(1, 134),
(1, 135),
(1, 136),
(1, 137),
(1, 138),
(1, 139),
(1, 140),
(1, 141),
(1, 142),
(1, 143),
(1, 144),
(1, 145),
(1, 146),
(1, 147),
(1, 148),
(1, 149),
(1, 150),
(1, 151),
(1, 152),
(1, 153),
(1, 154),
(1, 155),
(1, 156),
(1, 157),
(1, 158),
(1, 159),
(1, 160),
(1, 161),
(1, 162),
(1, 163),
(1, 164),
(1, 165),
(1, 166),
(1, 167),
(1, 168),
(1, 169),
(1, 170),
(1, 171),
(1, 172),
(1, 173),
(1, 174),
(1, 175),
(1, 176),
(1, 177),
(1, 178),
(1, 179),
(1, 180),
(1, 181),
(1, 182),
(1, 183),
(1, 184),
(1, 185),
(1, 186),
(1, 187),
(1, 188),
(1, 189),
(1, 190),
(1, 191),
(1, 192),
(1, 193),
(1, 194),
(1, 195),
(1, 196),
(1, 197),
(1, 198),
(1, 199),
(1, 200),
(1, 201),
(1, 202),
(1, 203),
(1, 204),
(1, 205),
(1, 206),
(1, 207),
(1, 208),
(1, 209),
(1, 210),
(1, 211),
(1, 212),
(1, 213),
(1, 214),
(1, 215),
(1, 216),
(1, 217),
(1, 218),
(1, 219),
(1, 220),
(1, 221),
(1, 222),
(1, 223),
(1, 224),
(1, 225),
(1, 226),
(1, 227),
(1, 228),
(1, 229),
(1, 230),
(1, 231),
(1, 232),
(1, 233),
(1, 234),
(1, 235),
(1, 236),
(1, 237),
(1, 238),
(1, 239),
(1, 240),
(1, 241),
(1, 242),
(1, 243),
(1, 244),
(1, 245),
(1, 246),
(1, 247),
(1, 248),
(1, 249),
(1, 250),
(1, 251),
(1, 252),
(1, 253),
(1, 254),
(1, 255),
(1, 256),
(1, 257),
(1, 258),
(1, 259),
(1, 260),
(1, 261),
(1, 262),
(1, 263),
(1, 264),
(1, 265),
(1, 266),
(1, 267),
(1, 268),
(1, 269),
(1, 270),
(1, 271),
(1, 272),
(1, 273),
(1, 274),
(1, 275),
(1, 276),
(1, 277),
(1, 278),
(1, 279),
(1, 280),
(1, 281),
(1, 282),
(1, 283),
(1, 284),
(1, 285),
(1, 286),
(1, 287),
(1, 288),
(1, 289),
(1, 290),
(1, 291),
(1, 292),
(1, 293),
(1, 294),
(1, 295),
(1, 296),
(1, 297),
(1, 298),
(1, 299),
(1, 300),
(1, 301),
(1, 302),
(1, 303),
(1, 304),
(1, 305),
(1, 306),
(1, 307),
(1, 308),
(1, 309),
(1, 310),
(1, 311),
(1, 312),
(1, 313),
(1, 314),
(1, 315),
(1, 316),
(1, 317),
(1, 318),
(1, 319),
(1, 320),
(1, 321),
(1, 322),
(1, 323),
(1, 324),
(1, 325),
(1, 326),
(1, 327),
(1, 328),
(1, 329),
(1, 330),
(1, 331),
(1, 332),
(1, 333),
(1, 334),
(1, 335),
(1, 336),
(1, 337),
(1, 338),
(1, 339),
(1, 340),
(1, 341),
(1, 342),
(1, 343),
(1, 344),
(1, 345),
(1, 346),
(1, 347),
(1, 348),
(1, 349),
(1, 350),
(1, 351),
(1, 352),
(1, 353),
(1, 354),
(1, 355),
(1, 356),
(1, 357),
(1, 358),
(1, 359),
(1, 360),
(1, 361),
(1, 362),
(1, 363),
(1, 364),
(1, 365),
(1, 366),
(1, 367),
(1, 368),
(1, 369),
(1, 370),
(1, 371),
(1, 372),
(1, 373),
(1, 374),
(1, 375),
(1, 376),
(1, 377),
(1, 378),
(1, 379),
(1, 380),
(1, 381),
(1, 382),
(1, 383),
(1, 384),
(1, 385),
(1, 386),
(1, 387),
(1, 388),
(1, 389),
(1, 390),
(1, 391),
(1, 392),
(1, 393),
(1, 394),
(1, 395),
(1, 396),
(1, 397),
(1, 398),
(1, 399),
(1, 400),
(1, 401),
(1, 402),
(1, 403),
(1, 404),
(1, 405),
(1, 406),
(1, 407),
(1, 408),
(1, 409),
(1, 410),
(1, 411),
(1, 412),
(1, 413),
(1, 414),
(1, 415),
(1, 416),
(1, 417),
(1, 418),
(1, 419),
(1, 420),
(1, 421),
(1, 422),
(1, 423),
(1, 424),
(1, 425),
(1, 426),
(1, 427),
(1, 428),
(1, 429),
(1, 430),
(1, 431),
(1, 432),
(1, 433),
(1, 434),
(1, 435),
(1, 436),
(1, 437),
(1, 438),
(1, 439),
(1, 440),
(1, 441),
(1, 442),
(1, 443),
(1, 444),
(1, 445),
(1, 446),
(1, 447),
(1, 448),
(1, 449),
(1, 450),
(1, 451),
(1, 452),
(1, 453),
(1, 454),
(1, 455),
(1, 456),
(1, 457),
(1, 458),
(1, 459),
(1, 460),
(1, 461),
(1, 462),
(1, 463),
(1, 464),
(1, 465),
(1, 466),
(1, 467),
(1, 468),
(1, 469),
(1, 470),
(1, 471),
(1, 472),
(1, 473),
(1, 474),
(1, 475),
(1, 476),
(1, 477),
(1, 478),
(1, 479),
(1, 480),
(1, 481),
(1, 482),
(1, 483),
(1, 484),
(1, 485),
(1, 486),
(1, 487),
(1, 488),
(1, 489),
(1, 490),
(1, 491),
(1, 492),
(1, 493),
(1, 494),
(1, 495),
(1, 496),
(1, 497),
(1, 498),
(1, 499),
(1, 500),
(1, 501),
(1, 502),
(1, 503),
(1, 504),
(1, 505),
(1, 506),
(1, 507),
(1, 508),
(1, 509),
(1, 510),
(1, 511),
(1, 512),
(1, 513),
(1, 514),
(1, 515),
(1, 516),
(1, 517),
(1, 518),
(1, 519),
(1, 520),
(1, 521),
(1, 522),
(1, 523),
(1, 524),
(1, 525),
(1, 526),
(1, 527),
(1, 528),
(1, 529),
(1, 530),
(1, 531),
(1, 532),
(1, 533),
(1, 534),
(1, 535),
(1, 536),
(1, 537),
(2, 1),
(2, 2),
(2, 3),
(2, 4),
(2, 5),
(2, 6),
(2, 7),
(2, 8),
(2, 9),
(2, 10),
(2, 11),
(2, 12),
(2, 13),
(2, 14),
(2, 15),
(2, 16),
(2, 17),
(2, 18),
(2, 19),
(2, 20),
(2, 21),
(2, 22),
(2, 23),
(2, 24),
(2, 25),
(2, 26),
(2, 27),
(2, 28),
(2, 29),
(2, 30),
(2, 31),
(2, 32),
(2, 33),
(2, 34),
(2, 35),
(2, 153),
(2, 154),
(2, 155),
(2, 161),
(2, 162),
(2, 163),
(2, 164),
(2, 535),
(2, 536),
(2, 537);

/*!40101 SET CHARACTER_SET_CLIENT=@OLD_CHARACTER_SET_CLIENT */;
/*!40101 SET CHARACTER_SET_RESULTS=@OLD_CHARACTER_SET_RESULTS */;
/*!40101 SET COLLATION_CONNECTION=@OLD_COLLATION_CONNECTION */;
